period,address,minimum_temperature,maximum_temperature,temperature,dew_point,relative_humidity,heat_index,wind_speed,wind_gust,wind_direction,precipitation,precipitation_cover,snow_depth,visibility,cloud_cover,sea_level_pressure,latitude,longitude,location,resolved_address
2008-12-31T16:0:0,Malaysia,74.9,93.3,81.6,75.3,82.12,108.1,12.8,,216.03,4,1.85,,5.9,90.8,1008.7,3.1479,101.69405,POINT(101.69405 3.1479),Malaysia
2009-1-1T16:0:0,Malaysia,74.9,93.3,81.3,74.9,82.17,107.6,12.8,,209.06,1.8,1.82,,5.6,90.4,1009.1,3.1479,101.69405,POINT(101.69405 3.1479),Malaysia
2009-1-10T16:0:0,Malaysia,71.7,95.1,81,74.4,81.49,107.8,12.8,,213.35,1.3,0.36,,5.3,90.7,1010.7,3.1479,101.69405,POINT(101.69405 3.1479),Malaysia
2009-4-10T16:0:0,Malaysia,74.9,96.9,83.5,76.2,80.14,120.1,13.9,,256.5,1.1,2.18,,5.4,90.1,1009,3.1479,101.69405,POINT(101.69405 3.1479),Malaysia
2009-4-11T16:0:0,Malaysia,73.5,95.1,83.6,77,81.72,116.4,13.9,,229.43,1,1.45,,5.4,90.5,1008.6,3.1479,101.69405,POINT(101.69405 3.1479),Malaysia
2009-4-12T16:0:0,Malaysia,75.3,96.9,83.6,77.2,82.27,116.4,16.1,,231.26,1.4,2.91,,5.3,90.2,1008.7,3.1479,101.69405,POINT(101.69405 3.1479),Malaysia
2009-4-13T16:0:0,Malaysia,75.3,96.9,83.6,76.7,81.19,115.6,12.8,,226.86,0.1,1.09,,5.6,90.5,1008.7,3.1479,101.69405,POINT(101.69405 3.1479),Malaysia
2009-4-14T16:0:0,Malaysia,73.5,95.1,83.9,77,80.9,113.8,13.9,,206.84,1.6,0.73,,5.8,90.3,1008.9,3.1479,101.69405,POINT(101.69405 3.1479),Malaysia
2009-4-15T16:0:0,Malaysia,76.7,96.9,83.6,76.9,81.63,113.1,15,,211.1,1.2,1.09,,5.4,90.7,1008.9,3.1479,101.69405,POINT(101.69405 3.1479),Malaysia
2009-4-16T16:0:0,Malaysia,75.3,96.9,84.1,76.7,79.79,115.6,15,,222.94,0.9,1.82,,5.7,90.2,1008.8,3.1479,101.69405,POINT(101.69405 3.1479),Malaysia
2009-4-17T16:0:0,Malaysia,75.3,98.7,83.9,77,80.92,115,16.1,,234.64,2.8,1.45,,5.7,90.2,1009,3.1479,101.69405,POINT(101.69405 3.1479),Malaysia
2009-4-18T16:0:0,Malaysia,75.3,98.7,84.2,77.3,81.03,115.9,13.9,,224.08,0.4,0.73,,5.7,90.3,1009.1,3.1479,101.69405,POINT(101.69405 3.1479),Malaysia
2009-4-19T16:0:0,Malaysia,75.8,96.9,83,77.1,83.54,116.4,16.1,,210.05,1.6,1.82,,5.4,90.9,1009.1,3.1479,101.69405,POINT(101.69405 3.1479),Malaysia
2009-1-11T16:0:0,Malaysia,69.9,93.3,81.2,73.9,79.92,107.8,13.9,,219.66,1.4,1.45,,5.6,91,1010.7,3.1479,101.69405,POINT(101.69405 3.1479),Malaysia
2009-4-20T16:0:0,Malaysia,73.5,96.9,83.2,76.4,81.26,116.4,17.2,,234.81,2.8,2.18,,5.5,90.2,1009.2,3.1479,101.69405,POINT(101.69405 3.1479),Malaysia
2009-4-21T16:0:0,Malaysia,74,95.1,83.3,76.7,81.79,117.5,13.9,,235.11,3.7,1.45,,5.2,88.1,1009,3.1479,101.69405,POINT(101.69405 3.1479),Malaysia
2009-4-22T16:0:0,Malaysia,77.1,96.9,83.7,77.2,82.1,115.2,15,,233.65,0.4,1.09,,5.2,90.5,1009.2,3.1479,101.69405,POINT(101.69405 3.1479),Malaysia
2009-4-23T16:0:0,Malaysia,75.3,95.1,82.5,77.1,84.85,114.7,13.9,,227.73,5.7,2.18,,5.1,90.8,1009.5,3.1479,101.69405,POINT(101.69405 3.1479),Malaysia
2009-4-24T16:0:0,Malaysia,73.5,95.1,83.7,76.7,81.01,113.8,13.9,,234.18,2.8,1.45,,5.3,90.3,1009.6,3.1479,101.69405,POINT(101.69405 3.1479),Malaysia
2009-4-25T16:0:0,Malaysia,73.5,95.1,82.9,76.8,82.89,113.8,12.8,,219.31,0.6,0.73,,5.5,90.5,1010.1,3.1479,101.69405,POINT(101.69405 3.1479),Malaysia
2009-4-26T16:0:0,Malaysia,75.3,95.1,83.4,76.7,81.56,113.8,12.8,,220.16,0,0.36,,5.4,90.5,1009.9,3.1479,101.69405,POINT(101.69405 3.1479),Malaysia
2009-4-27T16:0:0,Malaysia,75.3,95.1,83.9,77.2,81.39,116.4,13.9,,209.18,0.3,0.73,,5.4,90.3,1009.2,3.1479,101.69405,POINT(101.69405 3.1479),Malaysia
2009-4-28T16:0:0,Malaysia,75.3,96.9,83.7,76.9,81.32,116.5,15,,226.78,3.9,2.55,,5.4,90.7,1009.3,3.1479,101.69405,POINT(101.69405 3.1479),Malaysia
2009-4-29T16:0:0,Malaysia,75.3,96.9,83.3,76.7,81.58,115.6,11.4,,230.85,3.1,1.09,,5.4,90.7,1009.4,3.1479,101.69405,POINT(101.69405 3.1479),Malaysia
2009-1-12T16:0:0,Malaysia,71.7,93.3,81.2,74.2,80.83,105.4,17.2,,190.1,0.7,1.82,,5.5,91,1011.1,3.1479,101.69405,POINT(101.69405 3.1479),Malaysia
2009-4-30T16:0:0,Malaysia,75.3,95.1,83.6,76.7,81.15,116.4,16.1,,242.75,1,1.82,,5.3,90.7,1009.4,3.1479,101.69405,POINT(101.69405 3.1479),Malaysia
2009-5-1T16:0:0,Malaysia,75.3,96.9,82.9,76.9,83.42,113.8,12.8,,227.69,4,2.18,,5.3,90.9,1009.5,3.1479,101.69405,POINT(101.69405 3.1479),Malaysia
2009-5-2T16:0:0,Malaysia,75.3,96.9,83.2,76.7,82.3,113.8,13.9,,212.69,0.5,1.45,,5.6,90.5,1008.6,3.1479,101.69405,POINT(101.69405 3.1479),Malaysia
2009-5-3T16:0:0,Malaysia,73.5,97.1,83.1,76.6,81.91,118.9,18.3,,207.93,0.6,1.09,,5.6,90.3,1008.3,3.1479,101.69405,POINT(101.69405 3.1479),Malaysia
2009-5-4T16:0:0,Malaysia,75.3,96.9,83.7,76.8,80.87,116.4,13.9,,241.53,1.9,1.09,,5.5,90.5,1008.4,3.1479,101.69405,POINT(101.69405 3.1479),Malaysia
2009-5-5T16:0:0,Malaysia,77.1,96.9,84.3,77.2,80.58,116.4,15,,239.15,0.6,1.09,,5.6,90.6,1008.3,3.1479,101.69405,POINT(101.69405 3.1479),Malaysia
2009-5-6T16:0:0,Malaysia,73.5,96.9,83.8,76.7,80.84,121.5,17.2,,241.82,2.3,0.73,,5.5,90.9,1008.2,3.1479,101.69405,POINT(101.69405 3.1479),Malaysia
2009-5-7T16:0:0,Malaysia,77.1,96.9,83.8,76.6,80.34,116.4,13.9,,211.31,1.3,0.36,,5.6,90,1007.4,3.1479,101.69405,POINT(101.69405 3.1479),Malaysia
2009-5-8T16:0:0,Malaysia,77.1,95.6,84.9,76.9,78.18,116.4,13.9,,205.35,0,0.36,,5.4,90.1,1008.1,3.1479,101.69405,POINT(101.69405 3.1479),Malaysia
2009-5-9T16:0:0,Malaysia,75.3,96.9,84.3,77.1,80.09,116.4,16.1,,218.21,0.9,0.36,,5.5,90.6,1008.2,3.1479,101.69405,POINT(101.69405 3.1479),Malaysia
2009-1-13T16:0:0,Malaysia,71.7,95.1,81.1,73.9,80.19,113.9,10.3,,202.01,0.3,1.45,,5.7,90.7,1011,3.1479,101.69405,POINT(101.69405 3.1479),Malaysia
2009-5-10T16:0:0,Malaysia,75.3,95.1,84.5,76.7,78.71,117.5,11.4,,232.88,0,0,,5.5,90.2,1008.2,3.1479,101.69405,POINT(101.69405 3.1479),Malaysia
2009-5-11T16:0:0,Malaysia,77.1,95.1,84,76.7,79.93,111.2,13.9,,205.28,2.2,0.73,,5.3,90.7,1007.9,3.1479,101.69405,POINT(101.69405 3.1479),Malaysia
2009-5-12T16:0:0,Malaysia,75.3,96.9,84.3,77,79.84,116.4,13.9,,228.58,0.2,0.73,,5.4,90.3,1007.4,3.1479,101.69405,POINT(101.69405 3.1479),Malaysia
2009-5-13T16:0:0,Malaysia,76.4,95.1,84.1,77.3,81.04,113.8,12.8,,203.45,1,1.09,,5.6,90.4,1007.6,3.1479,101.69405,POINT(101.69405 3.1479),Malaysia
2009-5-14T16:0:0,Malaysia,74.6,96.9,84.1,77,80.43,116.4,12.8,,227,2.1,0.73,,5.5,90.4,1008.3,3.1479,101.69405,POINT(101.69405 3.1479),Malaysia
2009-5-15T16:0:0,Malaysia,73.5,96.9,84.2,76.9,80.02,118.9,15,,203.65,0.1,0.36,,5.8,90.4,1008.4,3.1479,101.69405,POINT(101.69405 3.1479),Malaysia
2009-5-16T16:0:0,Malaysia,75.3,96.9,83.2,76.4,81.37,113.8,17.2,,202.12,1.9,1.82,,5.7,90.7,1008.8,3.1479,101.69405,POINT(101.69405 3.1479),Malaysia
2009-5-17T16:0:0,Malaysia,74.9,97.4,83.2,76.2,80.83,118.9,17.2,,198.26,2,1.45,,5.4,90.5,1009.1,3.1479,101.69405,POINT(101.69405 3.1479),Malaysia
2009-5-18T16:0:0,Malaysia,73.5,96.9,84.3,76.7,79.38,115.6,12.8,,202.49,0.2,1.45,,5.6,90.7,1009.1,3.1479,101.69405,POINT(101.69405 3.1479),Malaysia
2009-5-19T16:0:0,Malaysia,73.5,94.4,83.4,76.8,81.68,114.7,20.8,,212.85,2.2,1.45,,5.5,90.7,1009,3.1479,101.69405,POINT(101.69405 3.1479),Malaysia
2009-1-14T16:0:0,Malaysia,71.7,95.1,81.5,73.8,79.15,105.9,16.1,,197.51,0.2,0.73,,5.7,90,1011,3.1479,101.69405,POINT(101.69405 3.1479),Malaysia
2009-5-20T16:0:0,Malaysia,75.3,96,83.3,76.6,81.4,114.7,12.8,,219.18,0.3,0.73,,5.6,90.5,1009.1,3.1479,101.69405,POINT(101.69405 3.1479),Malaysia
2009-5-21T16:0:0,Malaysia,75.3,95.1,82.8,76.7,82.9,111.2,11.4,,219.45,0.3,1.09,,5.3,90.1,1009.4,3.1479,101.69405,POINT(101.69405 3.1479),Malaysia
2009-5-22T16:0:0,Malaysia,77.1,95.3,83.7,76.8,80.87,120.1,17.2,,211.36,0,0.36,,5.6,90.3,1008.8,3.1479,101.69405,POINT(101.69405 3.1479),Malaysia
2009-5-23T16:0:0,Malaysia,75.3,95.1,84,76.7,79.91,117.5,16.1,,188.32,0.1,0.73,,5.5,90.4,1007.9,3.1479,101.69405,POINT(101.69405 3.1479),Malaysia
2009-5-24T16:0:0,Malaysia,77.1,95.1,84.3,76.9,79.58,114.9,11.4,,187.01,0,0.36,,5.5,90.3,1007.8,3.1479,101.69405,POINT(101.69405 3.1479),Malaysia
2009-5-25T16:0:0,Malaysia,73.5,93.3,83.4,76.7,81.15,112.3,17.2,,216.22,0.6,1.09,,5.5,90.3,1008.2,3.1479,101.69405,POINT(101.69405 3.1479),Malaysia
2009-5-26T16:0:0,Malaysia,75.3,95.1,83.8,76.6,79.96,113.8,15,,185.16,0.1,0.36,,5.5,90.4,1008.5,3.1479,101.69405,POINT(101.69405 3.1479),Malaysia
2009-5-27T16:0:0,Malaysia,75.8,95.1,84,76.5,79.4,117.5,15,,195.48,0.4,1.45,,5.8,90.1,1008.7,3.1479,101.69405,POINT(101.69405 3.1479),Malaysia
2009-5-28T16:0:0,Malaysia,77.1,93.8,84,76.6,79.79,111.4,13.9,,205.56,4.2,0.73,,5.4,90.3,1009.2,3.1479,101.69405,POINT(101.69405 3.1479),Malaysia
2009-5-29T16:0:0,Malaysia,73.5,95.1,83.8,75.9,78.75,107.8,12.8,,212.14,0.3,1.09,,5.6,90.5,1009.4,3.1479,101.69405,POINT(101.69405 3.1479),Malaysia
2009-1-15T16:0:0,Malaysia,71.7,95.1,81.5,74.1,79.67,110.7,11.4,,187.36,0,0.36,,5.5,90.4,1010.9,3.1479,101.69405,POINT(101.69405 3.1479),Malaysia
2009-5-30T16:0:0,Malaysia,75.3,93.8,83.2,76.2,80.57,109.7,13.9,,205.98,1.4,0.73,,5.6,90.5,1008.9,3.1479,101.69405,POINT(101.69405 3.1479),Malaysia
2009-5-31T16:0:0,Malaysia,77.1,94.2,83.3,76.4,80.78,110.6,12.8,,225.32,0.8,1.09,,5.7,90,1009.1,3.1479,101.69405,POINT(101.69405 3.1479),Malaysia
2009-6-1T16:0:0,Malaysia,75.3,95.1,83.7,76.6,80.45,113.8,16.1,,233.83,0.1,0.73,,5.4,90.4,1009.2,3.1479,101.69405,POINT(101.69405 3.1479),Malaysia
2009-6-2T16:0:0,Malaysia,77.1,96.9,84.7,76.5,78.08,114.7,13.9,,223.76,0,0,,5.5,90.1,1009,3.1479,101.69405,POINT(101.69405 3.1479),Malaysia
2009-6-3T16:0:0,Malaysia,73.5,96.9,84.1,76.4,78.92,116.4,16.1,,217.2,1.2,0.73,,5.7,90.3,1008.8,3.1479,101.69405,POINT(101.69405 3.1479),Malaysia
2009-6-4T16:0:0,Malaysia,75.3,97.1,84.2,76.5,78.99,115.6,15,,213.94,0.5,0.73,,5.8,90.4,1008.5,3.1479,101.69405,POINT(101.69405 3.1479),Malaysia
2009-6-5T16:0:0,Malaysia,74.9,95.1,84.7,76.2,77.13,116.4,13.9,,214.6,1.5,0.73,,5.8,90.2,1008.3,3.1479,101.69405,POINT(101.69405 3.1479),Malaysia
2009-6-6T16:0:0,Malaysia,75.3,95.1,84.9,76.9,78.16,116.4,13.9,,201.92,0,0.36,,5.6,90.3,1008.5,3.1479,101.69405,POINT(101.69405 3.1479),Malaysia
2009-6-7T16:0:0,Malaysia,73.5,95.1,84.4,76.9,79.15,117.5,17.2,,206.52,0.3,0.73,,5.4,90.2,1009.3,3.1479,101.69405,POINT(101.69405 3.1479),Malaysia
2009-6-8T16:0:0,Malaysia,75.3,95.1,84.2,76.6,79.11,113.1,11.4,,203.74,1.8,0.73,,5.7,90.1,1009.7,3.1479,101.69405,POINT(101.69405 3.1479),Malaysia
2009-1-16T16:0:0,Malaysia,73.5,94.4,81.7,74,78.81,107.8,11.4,,207.72,0.4,0.36,,5.6,90.8,1010.6,3.1479,101.69405,POINT(101.69405 3.1479),Malaysia
2009-6-9T16:0:0,Malaysia,75.3,96.9,84.4,76.1,77.42,112.6,18.3,,208.67,0.1,0.73,,5.6,90.3,1009.4,3.1479,101.69405,POINT(101.69405 3.1479),Malaysia
2009-6-10T16:0:0,Malaysia,77.1,95.1,84.9,76.8,78.08,113.8,13.9,,209.47,1.8,0.73,,5.5,90.1,1009.3,3.1479,101.69405,POINT(101.69405 3.1479),Malaysia
2009-6-11T16:0:0,Malaysia,75.3,96.9,84.4,76.5,78.32,122.6,15,,201.04,0.2,0.73,,5.5,90.4,1009.8,3.1479,101.69405,POINT(101.69405 3.1479),Malaysia
2009-6-12T16:0:0,Malaysia,75.3,96.9,84.8,76,76.13,118.9,12.8,,203.23,0,0.36,,5.6,90,1010.1,3.1479,101.69405,POINT(101.69405 3.1479),Malaysia
2009-6-13T16:0:0,Malaysia,75.3,95.1,84.6,75.8,76.01,113.8,17.2,,200.67,0.6,0.73,,5.6,90.4,1010.2,3.1479,101.69405,POINT(101.69405 3.1479),Malaysia
2009-6-14T16:0:0,Malaysia,73.5,95.1,84.1,75.7,77.09,113.8,16.1,,205.03,0.5,0.36,,5.6,90.3,1009.7,3.1479,101.69405,POINT(101.69405 3.1479),Malaysia
2009-6-15T16:0:0,Malaysia,75.3,95.1,84.4,75.8,76.47,113.1,12.8,,191.44,0,0,,5.3,83.3,1009.5,3.1479,101.69405,POINT(101.69405 3.1479),Malaysia
2009-6-16T16:0:0,Malaysia,73.5,95.1,83.4,75.3,77.72,109.2,18.3,,203.54,0.2,0.73,,5.4,88.4,1009.6,3.1479,101.69405,POINT(101.69405 3.1479),Malaysia
2009-6-17T16:0:0,Malaysia,73.5,96.9,83.9,75,75.78,107.4,13.9,,193.7,0,0,,5.8,90,1009.6,3.1479,101.69405,POINT(101.69405 3.1479),Malaysia
2009-6-18T16:0:0,Malaysia,75.3,96.9,84.7,75.5,75.07,111.2,11.4,,197.11,0,0.36,,5.7,90.1,1009.1,3.1479,101.69405,POINT(101.69405 3.1479),Malaysia
2009-1-17T16:0:0,Malaysia,73.5,93.3,81.5,73.6,78.56,111.5,11.4,,166.92,0.2,0.73,,5.3,90.7,1010.5,3.1479,101.69405,POINT(101.69405 3.1479),Malaysia
2009-6-19T16:0:0,Malaysia,73.5,95.1,84.5,75.6,76.04,113.1,15,,199.57,0,0,,5.6,90.1,1009.1,3.1479,101.69405,POINT(101.69405 3.1479),Malaysia
2009-6-20T16:0:0,Malaysia,77.1,95.1,84.4,75.8,76.94,110.6,11.4,,192.91,2.5,1.45,,5.4,90,1009.4,3.1479,101.69405,POINT(101.69405 3.1479),Malaysia
2009-6-21T16:0:0,Malaysia,75.3,95.3,83.7,75.8,78.23,113.1,15,,194.32,0,0,,5.1,89.7,1009.2,3.1479,101.69405,POINT(101.69405 3.1479),Malaysia
2009-6-22T16:0:0,Malaysia,75.3,96.9,83.6,75.5,78.1,110.6,15,,205.94,2.5,1.09,,4.8,88,1009,3.1479,101.69405,POINT(101.69405 3.1479),Malaysia
2009-6-23T16:0:0,Malaysia,73.5,95.1,84.6,75.4,75.25,111.2,13.9,,176.18,0.1,1.09,,4.9,83.7,1008.6,3.1479,101.69405,POINT(101.69405 3.1479),Malaysia
2009-6-24T16:0:0,Malaysia,75.3,95.1,84,75.2,76.02,110.6,16.1,,184.81,0.9,1.09,,5.1,84.6,1008.9,3.1479,101.69405,POINT(101.69405 3.1479),Malaysia
2009-6-25T16:0:0,Malaysia,73.5,93.3,83.4,75.2,77.62,110.6,23,,193.06,0.3,1.45,,5.1,87.5,1009.1,3.1479,101.69405,POINT(101.69405 3.1479),Malaysia
2009-6-26T16:0:0,Malaysia,73.5,93.3,83.3,75.1,77.6,105.4,17.2,,188.57,4.5,1.45,,5.3,90.7,1009.5,3.1479,101.69405,POINT(101.69405 3.1479),Malaysia
2009-6-27T16:0:0,Malaysia,74.6,95.1,84.4,75.8,76.63,110.6,15,,200.5,0.2,0.73,,5.6,90,1009.1,3.1479,101.69405,POINT(101.69405 3.1479),Malaysia
2009-6-28T16:0:0,Malaysia,75.3,95.1,83.8,75.7,77.83,110.2,13.9,,212.76,0.4,0.73,,5.5,90.1,1008.8,3.1479,101.69405,POINT(101.69405 3.1479),Malaysia
2009-1-18T16:0:0,Malaysia,73.5,93.3,81.6,73.7,78.59,105.3,13.9,,198.03,1.8,1.45,,5.5,90,1010,3.1479,101.69405,POINT(101.69405 3.1479),Malaysia
2009-6-29T16:0:0,Malaysia,75.3,96.9,84.6,75.5,75.5,113.1,20.1,,211.47,0.1,0.73,,5.7,90,1008.9,3.1479,101.69405,POINT(101.69405 3.1479),Malaysia
2009-6-30T16:0:0,Malaysia,75.3,95.1,84,76,77.85,113.1,17.2,,194.39,2.9,0.36,,5.6,90.1,1008.9,3.1479,101.69405,POINT(101.69405 3.1479),Malaysia
2009-7-1T16:0:0,Malaysia,69.9,95.1,83.6,75.2,77.22,110.6,16.1,,196.67,0,0.36,,5.6,90.4,1008.8,3.1479,101.69405,POINT(101.69405 3.1479),Malaysia
2009-7-2T16:0:0,Malaysia,75.3,96.9,83.5,75.3,77.51,112.6,12.8,,206.68,0.8,1.82,,5.5,90.4,1009.5,3.1479,101.69405,POINT(101.69405 3.1479),Malaysia
2009-7-3T16:0:0,Malaysia,73.5,95.1,83.3,75.2,77.75,113.1,20.8,,189.49,0.4,0.36,,5.5,90.4,1009.3,3.1479,101.69405,POINT(101.69405 3.1479),Malaysia
2009-7-4T16:0:0,Malaysia,73.5,93.3,83.7,74.5,75.18,110.6,13.9,,159.24,0.1,0.36,,5.7,90.4,1009.3,3.1479,101.69405,POINT(101.69405 3.1479),Malaysia
2009-7-5T16:0:0,Malaysia,73.5,94.2,83.5,74.8,76.21,111.2,13.9,,165.9,0.1,0.36,,5.8,90,1008.9,3.1479,101.69405,POINT(101.69405 3.1479),Malaysia
2009-7-6T16:0:0,Malaysia,75.3,95.1,83.2,75.5,78.75,110.6,38,,181.44,0.7,2.18,,5.4,90.2,1009.3,3.1479,101.69405,POINT(101.69405 3.1479),Malaysia
2009-7-7T16:0:0,Malaysia,73.5,93.3,82.8,75.4,79.56,108.1,13.9,,212.77,1,1.09,,5.6,90,1009.8,3.1479,101.69405,POINT(101.69405 3.1479),Malaysia
2009-7-8T16:0:0,Malaysia,75.3,95.1,82.8,75.6,79.99,110.2,12.8,,198.33,0.5,1.09,,5.1,90.4,1009.6,3.1479,101.69405,POINT(101.69405 3.1479),Malaysia
2009-1-19T16:0:0,Malaysia,75.3,96.9,81.7,73.9,78.82,105.3,11.4,,192.3,2.1,1.45,,5.4,90.5,1010,3.1479,101.69405,POINT(101.69405 3.1479),Malaysia
2009-7-9T16:0:0,Malaysia,76.7,95.1,83.6,76.1,79.2,113.1,16.1,,226.8,0.2,1.45,,5.4,90,1009.1,3.1479,101.69405,POINT(101.69405 3.1479),Malaysia
2009-7-10T16:0:0,Malaysia,71.7,93.5,83.2,76,79.94,111.8,16.1,,210.75,0.2,1.09,,5.5,90.8,1009,3.1479,101.69405,POINT(101.69405 3.1479),Malaysia
2009-7-11T16:0:0,Malaysia,75.8,93.3,83.7,75.8,78.03,110.6,12.8,,198.56,0,0,,5.7,90.2,1008.7,3.1479,101.69405,POINT(101.69405 3.1479),Malaysia
2009-7-12T16:0:0,Malaysia,73.5,95.1,83.5,75,76.97,111.2,26.4,,186.85,0,0,,5.5,90.3,1008.4,3.1479,101.69405,POINT(101.69405 3.1479),Malaysia
2009-7-13T16:0:0,Malaysia,73.5,93.3,83,75.1,78.38,108.1,15,,176.23,0.4,0.36,,5.5,91,1008.5,3.1479,101.69405,POINT(101.69405 3.1479),Malaysia
2009-7-14T16:0:0,Malaysia,71.7,95.1,83,75.1,78.18,105.4,13.9,,177.36,0.9,2.18,,5.5,90.5,1009.2,3.1479,101.69405,POINT(101.69405 3.1479),Malaysia
2009-7-15T16:0:0,Malaysia,73.5,93.3,82.7,75.6,80.22,111.2,23,,185.91,1.4,1.09,,5.5,90.3,1009.4,3.1479,101.69405,POINT(101.69405 3.1479),Malaysia
2009-7-16T16:0:0,Malaysia,75.3,95.1,83.4,75.6,78.63,121.5,13.9,,179.55,1.6,1.45,,5.5,90.3,1009.4,3.1479,101.69405,POINT(101.69405 3.1479),Malaysia
2009-7-17T16:0:0,Malaysia,75.3,95.1,83.5,75.1,77.25,131.6,18.3,,171.89,0.2,0.73,,5.8,90.8,1009.8,3.1479,101.69405,POINT(101.69405 3.1479),Malaysia
2009-7-18T16:0:0,Malaysia,74.6,95.1,83.8,74.8,75.57,110.6,16.1,,189.33,0.3,0.73,,5.8,90.3,1009.9,3.1479,101.69405,POINT(101.69405 3.1479),Malaysia
2009-1-2T16:0:0,Malaysia,73.5,95.1,81.1,75.3,83.45,110.2,19.7,,238.82,1.1,2.18,,5.5,90.3,1009.7,3.1479,101.69405,POINT(101.69405 3.1479),Malaysia
2009-1-20T16:0:0,Malaysia,73.5,95.1,81.8,74.3,79.62,108.1,12.8,,207.14,3,1.09,,5.5,90.2,1010.1,3.1479,101.69405,POINT(101.69405 3.1479),Malaysia
2009-7-19T16:0:0,Malaysia,75.3,95.1,84.4,74.8,74.55,113.8,17.2,,177.56,2.7,0.36,,5.5,90,1009.8,3.1479,101.69405,POINT(101.69405 3.1479),Malaysia
2009-7-20T16:0:0,Malaysia,74,93.3,83.2,74.9,77.43,106.3,13.9,,201.42,2.3,1.09,,5.4,90,1010.1,3.1479,101.69405,POINT(101.69405 3.1479),Malaysia
2009-7-21T16:0:0,Malaysia,73.5,95.1,83.2,75,77.49,113.1,16.1,,177.77,0,0,,5.3,90.1,1009.6,3.1479,101.69405,POINT(101.69405 3.1479),Malaysia
2009-7-22T16:0:0,Malaysia,73.5,93.8,84,74.8,75.35,108.1,15,,172.4,1.2,0.36,,5.5,90.1,1009,3.1479,101.69405,POINT(101.69405 3.1479),Malaysia
2009-7-23T16:0:0,Malaysia,75.3,94.2,83.2,74.9,77.47,108.4,13.9,,185.48,0,0,,5.6,90.1,1009,3.1479,101.69405,POINT(101.69405 3.1479),Malaysia
2009-7-24T16:0:0,Malaysia,73.5,93.3,83.3,74.7,76.78,110.6,17.2,,181.72,0.1,0.73,,5.5,90,1009.1,3.1479,101.69405,POINT(101.69405 3.1479),Malaysia
2009-7-25T16:0:0,Malaysia,75.3,95.3,83.6,74.8,76.42,113.8,12.8,,182.71,0.7,1.09,,5.3,90.1,1009.6,3.1479,101.69405,POINT(101.69405 3.1479),Malaysia
2009-7-26T16:0:0,Malaysia,75.3,93.3,83.3,75,77.37,107.8,15,,192,0.7,0.73,,5.1,90,1009.7,3.1479,101.69405,POINT(101.69405 3.1479),Malaysia
2009-7-27T16:0:0,Malaysia,75.3,95.1,84.3,74.9,74.84,108.1,11.4,,189.17,0.6,0.36,,5.4,90,1009.7,3.1479,101.69405,POINT(101.69405 3.1479),Malaysia
2009-7-28T16:0:0,Malaysia,74.6,93.8,84.2,75.1,75.46,110.6,15,,174.22,0.8,1.45,,5.4,88.9,1010.1,3.1479,101.69405,POINT(101.69405 3.1479),Malaysia
2009-1-21T16:0:0,Malaysia,73.5,93.3,81.5,74.1,79.73,111.2,12.8,,197.58,1.2,1.82,,5.5,90.4,1010.4,3.1479,101.69405,POINT(101.69405 3.1479),Malaysia
2009-7-29T16:0:0,Malaysia,75.3,93.3,82.7,75.3,79.54,105.4,16.1,,202.13,1.6,0.73,,5.1,90.6,1010.1,3.1479,101.69405,POINT(101.69405 3.1479),Malaysia
2009-7-30T16:0:0,Malaysia,75.3,93.3,83.1,75.3,78.56,110.6,12.8,,204.81,1,1.09,,5,90.3,1009.6,3.1479,101.69405,POINT(101.69405 3.1479),Malaysia
2009-7-31T16:0:0,Malaysia,75.3,93.3,83.5,75.1,77.04,110.6,15,,186.4,0.1,0.36,,5.2,90.2,1009.5,3.1479,101.69405,POINT(101.69405 3.1479),Malaysia
2009-8-1T16:0:0,Malaysia,73.5,95.1,83.7,74.8,75.78,110.6,12.8,,188.29,0.2,0.73,,5.4,89.9,1009.7,3.1479,101.69405,POINT(101.69405 3.1479),Malaysia
2009-8-2T16:0:0,Malaysia,73.5,95.1,83.3,75,77.41,131.6,18.3,,174.82,0.1,0.73,,5.4,90.7,1009.3,3.1479,101.69405,POINT(101.69405 3.1479),Malaysia
2009-8-3T16:0:0,Malaysia,71.7,95.1,83.6,74.4,75.36,105.4,18.3,,176.81,0.4,0.36,,5.4,90.5,1009.5,3.1479,101.69405,POINT(101.69405 3.1479),Malaysia
2009-8-4T16:0:0,Malaysia,73.5,93.3,83.5,75,76.58,113.8,15,,187.89,0.1,0.36,,5.2,90.2,1009.7,3.1479,101.69405,POINT(101.69405 3.1479),Malaysia
2009-8-5T16:0:0,Malaysia,74.9,93.3,83.5,75.3,77.32,108.1,15,,187.02,1.2,0.36,,5.3,90,1009.2,3.1479,101.69405,POINT(101.69405 3.1479),Malaysia
2009-8-6T16:0:0,Malaysia,75.3,93.3,84.1,75.5,76.54,108.1,12.8,,215.44,0,0,,5.5,90.3,1009.5,3.1479,101.69405,POINT(101.69405 3.1479),Malaysia
2009-8-7T16:0:0,Malaysia,75.3,93.5,84.1,75.5,76.52,110.6,12.8,,188.26,0,0.36,,5.6,90.9,1009.1,3.1479,101.69405,POINT(101.69405 3.1479),Malaysia
2009-1-22T16:0:0,Malaysia,71.7,95.1,81.2,74.1,80.52,108.1,12.8,,206.26,1.4,2.18,,5.4,90.6,1010.4,3.1479,101.69405,POINT(101.69405 3.1479),Malaysia
2009-8-8T16:0:0,Malaysia,75.3,95.3,84.5,74.9,74.13,111.2,16.1,,168.66,0,0,,5.9,89.6,1008.6,3.1479,101.69405,POINT(101.69405 3.1479),Malaysia
2009-8-9T16:0:0,Malaysia,75.3,96.9,83.4,75.4,77.96,107.7,17.2,,187.64,3.2,1.09,,5.3,90.6,1009.1,3.1479,101.69405,POINT(101.69405 3.1479),Malaysia
2009-8-10T16:0:0,Malaysia,73.5,95.1,83.2,75.6,79.04,120.1,16.1,,181.81,0,0,,5.1,90.4,1009.4,3.1479,101.69405,POINT(101.69405 3.1479),Malaysia
2009-8-11T16:0:0,Malaysia,75.3,96.9,83.6,75.3,77.31,124.2,13.9,,181.64,0.4,1.09,,5.4,90.1,1009,3.1479,101.69405,POINT(101.69405 3.1479),Malaysia
2009-8-12T16:0:0,Malaysia,75.3,96.9,83.3,75.1,77.93,110.6,17.2,,225.99,4.3,1.82,,5.3,90.5,1008.7,3.1479,101.69405,POINT(101.69405 3.1479),Malaysia
2009-8-13T16:0:0,Malaysia,77.1,95.1,83.3,75.7,79.21,113.1,13.9,,205.84,0.1,0.73,,5.2,90.4,1009.5,3.1479,101.69405,POINT(101.69405 3.1479),Malaysia
2009-8-14T16:0:0,Malaysia,75.3,95.1,83.1,75.4,78.94,110.6,16.1,,177.33,1.1,1.82,,5.3,90.4,1010.2,3.1479,101.69405,POINT(101.69405 3.1479),Malaysia
2009-8-15T16:0:0,Malaysia,73.5,93.3,82.6,75.4,80.28,108.4,16.1,,198.23,2.1,1.45,,5.1,90.5,1009.8,3.1479,101.69405,POINT(101.69405 3.1479),Malaysia
2009-8-16T16:0:0,Malaysia,75.3,95.1,83.3,75.4,78.63,107.7,12.8,,199.3,3,1.45,,4.8,90.2,1009.4,3.1479,101.69405,POINT(101.69405 3.1479),Malaysia
2009-8-17T16:0:0,Malaysia,75.3,93.5,83,75.1,78.6,108.1,13.9,,189.79,1.1,2.18,,5.3,90.4,1009.2,3.1479,101.69405,POINT(101.69405 3.1479),Malaysia
2009-1-23T16:0:0,Malaysia,73.5,93.3,80.6,74.1,82.08,105.4,16.1,,233.79,3.3,2.18,,5.1,91.4,1010.4,3.1479,101.69405,POINT(101.69405 3.1479),Malaysia
2009-8-18T16:0:0,Malaysia,75.3,93.8,82.8,75.3,79.64,107.8,13.9,,191.62,0.3,1.09,,5.1,90.6,1009.8,3.1479,101.69405,POINT(101.69405 3.1479),Malaysia
2009-8-19T16:0:0,Malaysia,74.9,96.9,83,74.8,77.75,107.8,11.4,,217.75,4.6,1.82,,5.3,90.2,1010.6,3.1479,101.69405,POINT(101.69405 3.1479),Malaysia
2009-8-20T16:0:0,Malaysia,75.3,95.1,83.3,75.2,77.66,110.6,11.4,,212.8,1.8,1.09,,5.4,90,1009.9,3.1479,101.69405,POINT(101.69405 3.1479),Malaysia
2009-8-21T16:0:0,Malaysia,73.5,95.1,82.9,75,78.39,110.6,12.8,,228.52,2.3,1.82,,5.8,90.3,1009.8,3.1479,101.69405,POINT(101.69405 3.1479),Malaysia
2009-8-22T16:0:0,Malaysia,73.5,95.1,83,74.9,77.96,108.1,12.8,,231.44,0.4,0.73,,5.6,90.3,1009.6,3.1479,101.69405,POINT(101.69405 3.1479),Malaysia
2009-8-23T16:0:0,Malaysia,75.3,95.1,83.2,75.2,78.03,113.8,17.2,,217.55,0,0.36,,5.5,90.4,1009.4,3.1479,101.69405,POINT(101.69405 3.1479),Malaysia
2009-8-24T16:0:0,Malaysia,73.5,95.3,83.3,75,77.33,113.1,13.9,,210.25,0.3,1.09,,5.6,90.6,1009.7,3.1479,101.69405,POINT(101.69405 3.1479),Malaysia
2009-8-25T16:0:0,Malaysia,73.5,93.8,83.1,74.8,77.27,110.6,13.9,,209.24,0.2,0.73,,5.5,90.4,1009.8,3.1479,101.69405,POINT(101.69405 3.1479),Malaysia
2009-8-26T16:0:0,Malaysia,74.9,93.3,82.8,74.8,77.95,108.1,21.9,,220.85,1.2,2.18,,5.5,90.1,1009.9,3.1479,101.69405,POINT(101.69405 3.1479),Malaysia
2009-8-27T16:0:0,Malaysia,72.2,95.1,82.6,74.9,78.41,113.1,13.9,,200.66,2.1,1.45,,5.5,90.5,1010.2,3.1479,101.69405,POINT(101.69405 3.1479),Malaysia
2009-1-24T16:0:0,Malaysia,73.5,95.1,81.1,74,80.68,107.8,11.4,,182.45,5.9,2.55,,5.2,91.1,1010.5,3.1479,101.69405,POINT(101.69405 3.1479),Malaysia
2009-8-28T16:0:0,Malaysia,74.6,95.1,83.1,75,77.6,113.1,12.8,,183.05,1,1.09,,5.4,85.2,1010.6,3.1479,101.69405,POINT(101.69405 3.1479),Malaysia
2009-8-29T16:0:0,Malaysia,75.3,94.4,82.9,75.1,78.42,110.6,15,,179.67,0.3,1.09,,5.2,87.3,1010.6,3.1479,101.69405,POINT(101.69405 3.1479),Malaysia
2009-8-30T16:0:0,Malaysia,75.3,93.3,82.6,75,78.78,109,15,,180.26,1.1,0.36,,5.4,90,1010.2,3.1479,101.69405,POINT(101.69405 3.1479),Malaysia
2009-8-31T16:0:0,Malaysia,73.5,95.1,82.3,74.3,78.62,110.6,18.3,,199.17,0.9,0.36,,5.4,90.4,1009.9,3.1479,101.69405,POINT(101.69405 3.1479),Malaysia
2009-9-1T16:0:0,Malaysia,73.5,95.1,82.9,75,78.35,108.1,15,,208.79,0,0,,5.3,90,1009.4,3.1479,101.69405,POINT(101.69405 3.1479),Malaysia
2009-9-2T16:0:0,Malaysia,73.5,95.1,82.8,75.1,78.79,110.2,13.9,,200.77,0.2,0.36,,5.1,90.3,1009.1,3.1479,101.69405,POINT(101.69405 3.1479),Malaysia
2009-9-3T16:0:0,Malaysia,73.5,95.1,82.6,75.5,80.21,113.1,17.2,,219.02,1.1,1.09,,4.6,90.5,1009.8,3.1479,101.69405,POINT(101.69405 3.1479),Malaysia
2009-9-4T16:0:0,Malaysia,73.5,95.1,82.2,75.3,80.81,113.1,13.9,,203.51,0.6,1.82,,5.3,90.8,1010.5,3.1479,101.69405,POINT(101.69405 3.1479),Malaysia
2009-9-5T16:0:0,Malaysia,71.7,93.3,82.4,74.9,79.19,108.1,19.5,,217.35,1.1,1.45,,5.3,90.1,1010.3,3.1479,101.69405,POINT(101.69405 3.1479),Malaysia
2009-9-6T16:0:0,Malaysia,73.5,95.1,82.7,75.3,79.62,112,12.8,,211.15,0.1,0.36,,4.9,90.6,1009.7,3.1479,101.69405,POINT(101.69405 3.1479),Malaysia
2009-1-25T16:0:0,Malaysia,73.5,93.3,81.1,74.1,80.71,105.4,12.8,,171.31,0.3,0.73,,5.2,90.6,1010.6,3.1479,101.69405,POINT(101.69405 3.1479),Malaysia
2009-9-7T16:0:0,Malaysia,75.3,93.3,82,75.3,81.19,105.4,19.5,,194.08,1.5,1.09,,4.8,89.8,1010.5,3.1479,101.69405,POINT(101.69405 3.1479),Malaysia
2009-9-8T16:0:0,Malaysia,73.5,95.1,81.9,75,80.66,110.6,12.8,,233.56,0.3,0.73,,5,90.7,1010.4,3.1479,101.69405,POINT(101.69405 3.1479),Malaysia
2009-9-9T16:0:0,Malaysia,71.7,93.3,81.8,74.9,80.64,107.8,12.8,,223.78,1.4,1.45,,5,90.4,1010.2,3.1479,101.69405,POINT(101.69405 3.1479),Malaysia
2009-9-10T16:0:0,Malaysia,73.5,93.3,82.5,74.7,78.64,107.8,12.8,,216.8,0.5,1.09,,4.7,84.4,1009.8,3.1479,101.69405,POINT(101.69405 3.1479),Malaysia
2009-9-11T16:0:0,Malaysia,73.5,93.3,82.5,75.1,79.24,110.6,11.4,,186.6,2.1,1.09,,4.4,83.3,1010.4,3.1479,101.69405,POINT(101.69405 3.1479),Malaysia
2009-9-12T16:0:0,Malaysia,71.7,95.1,82.5,75.1,79.51,110.6,12.8,,208.37,0.5,1.82,,4.2,84,1010,3.1479,101.69405,POINT(101.69405 3.1479),Malaysia
2009-9-13T16:0:0,Malaysia,73.5,91.5,81.9,75.3,81.49,108.1,19.7,,215.99,2.6,1.45,,4.6,80.9,1010.2,3.1479,101.69405,POINT(101.69405 3.1479),Malaysia
2009-9-14T16:0:0,Malaysia,75.3,95.1,82.6,75,78.93,108.1,12.8,,213.95,0.2,0.36,,4.8,82.9,1009.8,3.1479,101.69405,POINT(101.69405 3.1479),Malaysia
2009-9-15T16:0:0,Malaysia,73.5,94.2,82.5,74.9,78.91,108,12.8,,194.11,3.4,1.82,,4.6,90.9,1010.1,3.1479,101.69405,POINT(101.69405 3.1479),Malaysia
2009-9-16T16:0:0,Malaysia,75.3,93.3,82.1,75,80.17,107.8,12.8,,203.76,1.2,1.09,,4.3,90.8,1010.2,3.1479,101.69405,POINT(101.69405 3.1479),Malaysia
2009-1-26T16:0:0,Malaysia,73.5,94.7,81.6,74.3,80.04,110.6,11.4,,200,1,1.09,,5.7,90.1,1010.6,3.1479,101.69405,POINT(101.69405 3.1479),Malaysia
2009-9-17T16:0:0,Malaysia,75.3,95.1,83.1,75.4,79.08,108.1,13.9,,209.37,0.4,1.09,,4.5,90.1,1010.1,3.1479,101.69405,POINT(101.69405 3.1479),Malaysia
2009-9-18T16:0:0,Malaysia,75.3,96.9,82.6,75.4,80.1,112.6,16.1,,217.03,1.1,2.55,,4.5,90.7,1010.7,3.1479,101.69405,POINT(101.69405 3.1479),Malaysia
2009-9-19T16:0:0,Malaysia,73.5,93.8,81.6,75.4,82.22,110.2,15,,210.79,2.1,1.82,,4.6,90.9,1010.9,3.1479,101.69405,POINT(101.69405 3.1479),Malaysia
2009-9-20T16:0:0,Malaysia,73.5,93.3,81.7,74.7,80.86,112.2,11.4,,233.3,3,1.45,,5.1,90.4,1010.6,3.1479,101.69405,POINT(101.69405 3.1479),Malaysia
2009-9-21T16:0:0,Malaysia,74,95.1,82.3,74.3,78.19,105.5,13.9,,220.93,1.2,1.82,,5.2,90.9,1010.9,3.1479,101.69405,POINT(101.69405 3.1479),Malaysia
2009-9-22T16:0:0,Malaysia,73.5,95.1,83.5,74.5,76,107.7,12.8,,225.4,0.2,0.36,,5.2,90.1,1009.8,3.1479,101.69405,POINT(101.69405 3.1479),Malaysia
2009-9-23T16:0:0,Malaysia,73.5,95.1,83.6,74.9,76.45,108.1,12.8,,253.12,0.3,0.73,,5.3,90.2,1009.7,3.1479,101.69405,POINT(101.69405 3.1479),Malaysia
2009-9-24T16:0:0,Malaysia,73.5,93.3,83,75.1,78.28,105.4,13.9,,227.21,0.4,0.73,,5.2,90.4,1009.9,3.1479,101.69405,POINT(101.69405 3.1479),Malaysia
2009-9-25T16:0:0,Malaysia,73.5,95.1,82.3,75.4,80.9,109.7,12.8,,238.32,0.6,1.45,,5,82.2,1010.1,3.1479,101.69405,POINT(101.69405 3.1479),Malaysia
2009-9-26T16:0:0,Malaysia,74.9,95.1,82,75.2,81.04,108.1,12.8,,241.68,2.6,1.45,,4.9,80.1,1009.8,3.1479,101.69405,POINT(101.69405 3.1479),Malaysia
2009-1-27T16:0:0,Malaysia,73.5,93.3,81.7,74.5,80.18,107.8,15,,206.9,0,0.36,,5.4,91,1010.2,3.1479,101.69405,POINT(101.69405 3.1479),Malaysia
2009-9-27T16:0:0,Malaysia,75.3,95.1,82.6,74.9,79.14,105.5,12.8,,243.07,0.3,1.82,,5,83.2,1009.7,3.1479,101.69405,POINT(101.69405 3.1479),Malaysia
2009-9-28T16:0:0,Malaysia,71.7,93.3,82.3,75.2,80.39,105.4,13.9,,255.07,0.1,1.09,,5.3,78.9,1009.2,3.1479,101.69405,POINT(101.69405 3.1479),Malaysia
2009-9-29T16:0:0,Malaysia,73.5,93.3,82,75.4,81.72,105.3,19.7,,254.28,2.8,2.18,,4.8,76.3,1009.5,3.1479,101.69405,POINT(101.69405 3.1479),Malaysia
2009-9-30T16:0:0,Malaysia,73.5,93.3,82.3,75.9,82.18,107.8,19.7,,231.93,0.1,0.73,,4.6,75.6,1009.5,3.1479,101.69405,POINT(101.69405 3.1479),Malaysia
2009-10-1T16:0:0,Malaysia,73.5,93.3,82.2,75.1,80.52,109.5,18.3,,238.23,0,0.36,,4.7,81.1,1009.6,3.1479,101.69405,POINT(101.69405 3.1479),Malaysia
2009-10-2T16:0:0,Malaysia,75.3,93.3,82.5,75.1,79.53,105.3,16.1,,250.7,0.6,0.36,,5.2,74.1,1009.6,3.1479,101.69405,POINT(101.69405 3.1479),Malaysia
2009-10-3T16:0:0,Malaysia,75.3,93.3,82.6,75.4,79.94,110.6,12.8,,236.48,0.5,1.09,,5.3,77.1,1009.7,3.1479,101.69405,POINT(101.69405 3.1479),Malaysia
2009-10-4T16:0:0,Malaysia,71.7,93.3,82.3,74.6,78.86,108.1,13.9,,235.07,0.4,1.45,,5.5,79.5,1010.6,3.1479,101.69405,POINT(101.69405 3.1479),Malaysia
2009-10-5T16:0:0,Malaysia,73.5,93.5,83.4,74.6,76.13,110.9,12.8,,240.78,0,0,,5.4,80,1010.5,3.1479,101.69405,POINT(101.69405 3.1479),Malaysia
2009-10-6T16:0:0,Malaysia,75.3,93.3,82.6,75.2,79.27,107.8,13.9,,229.41,0.1,0.36,,5.1,84.6,1010.2,3.1479,101.69405,POINT(101.69405 3.1479),Malaysia
2009-1-28T16:0:0,Malaysia,73.5,93.3,81.1,74.3,81.36,107.8,16.1,,210.43,2.7,1.82,,5.3,90.5,1010.2,3.1479,101.69405,POINT(101.69405 3.1479),Malaysia
2009-10-7T16:0:0,Malaysia,75.3,93.3,82,75,80.59,110.9,12.8,,222.97,0.3,1.09,,5,83.7,1010,3.1479,101.69405,POINT(101.69405 3.1479),Malaysia
2009-10-8T16:0:0,Malaysia,73.5,95.3,82.4,75.1,79.75,111.2,18.3,,242.11,0.5,0.73,,5,84.5,1009.8,3.1479,101.69405,POINT(101.69405 3.1479),Malaysia
2009-10-9T16:0:0,Malaysia,75.3,95.1,82.6,75.4,80.37,111.2,13.9,,235.48,0.4,0.36,,5,84.2,1010.2,3.1479,101.69405,POINT(101.69405 3.1479),Malaysia
2009-10-10T16:0:0,Malaysia,75.3,96.9,82.9,75.5,79.57,112.6,16.1,,249.06,0.1,1.09,,4.9,84,1010.6,3.1479,101.69405,POINT(101.69405 3.1479),Malaysia
2009-10-11T16:0:0,Malaysia,75.3,96.9,82.2,75.3,80.93,113.1,17.2,,247.02,0.2,1.09,,5,84.4,1010.3,3.1479,101.69405,POINT(101.69405 3.1479),Malaysia
2009-10-12T16:0:0,Malaysia,73.5,96.9,81.9,74.7,80.34,107.9,16.1,,230.9,0.4,1.09,,5.2,84.4,1010.3,3.1479,101.69405,POINT(101.69405 3.1479),Malaysia
2009-10-13T16:0:0,Malaysia,73.5,95.1,82.1,74.8,79.76,108.1,16.1,,251.33,0.8,1.09,,5.1,84,1010.2,3.1479,101.69405,POINT(101.69405 3.1479),Malaysia
2009-10-14T16:0:0,Malaysia,75.3,96.9,82.6,75.3,80.02,110.2,15,,251.57,0.1,0.73,,5,84.2,1010.2,3.1479,101.69405,POINT(101.69405 3.1479),Malaysia
2009-10-15T16:0:0,Malaysia,75.3,96.9,82.7,75.6,80.71,112.6,17.2,,248.24,1.3,1.09,,5,83.8,1009.9,3.1479,101.69405,POINT(101.69405 3.1479),Malaysia
2009-10-16T16:0:0,Malaysia,73.5,95.1,82.2,75.5,81.54,110.6,13.9,,252.84,1,1.09,,4.9,81.8,1009.4,3.1479,101.69405,POINT(101.69405 3.1479),Malaysia
2009-1-29T16:0:0,Malaysia,71.7,93.3,81.5,74.4,80.7,108.1,11.4,,207.32,1.6,1.82,,5.2,91,1010.6,3.1479,101.69405,POINT(101.69405 3.1479),Malaysia
2009-10-17T16:0:0,Malaysia,73.5,95.1,81.9,75.5,82.11,111.2,12.8,,257.11,3.7,2.18,,4.9,75.4,1009.9,3.1479,101.69405,POINT(101.69405 3.1479),Malaysia
2009-10-18T16:0:0,Malaysia,73.5,95.1,81.9,75.7,82.86,110.2,12.8,,253.4,1.5,1.45,,4.9,75.2,1009.8,3.1479,101.69405,POINT(101.69405 3.1479),Malaysia
2009-10-19T16:0:0,Malaysia,75.3,95.1,83.1,75.5,79.54,110.2,16.1,,237.02,0.7,1.09,,4.9,73.8,1009.7,3.1479,101.69405,POINT(101.69405 3.1479),Malaysia
2009-10-20T16:0:0,Malaysia,73.5,93.3,82.3,75.4,80.96,108.1,16.1,,237.72,4.5,1.82,,5.1,74.9,1009.6,3.1479,101.69405,POINT(101.69405 3.1479),Malaysia
2009-10-21T16:0:0,Malaysia,75.3,95.1,82.2,75.4,81.17,110.6,12.8,,256.31,0.2,1.09,,5,80.8,1009.5,3.1479,101.69405,POINT(101.69405 3.1479),Malaysia
2009-10-22T16:0:0,Malaysia,73.5,95.1,82.1,75.4,81.43,110.6,20.8,,243.37,1.5,1.82,,4.8,78.4,1009.3,3.1479,101.69405,POINT(101.69405 3.1479),Malaysia
2009-10-23T16:0:0,Malaysia,75.3,95.1,82.3,75.5,81.07,113.1,12.8,,250.49,0,0,,4.9,73.9,1008.7,3.1479,101.69405,POINT(101.69405 3.1479),Malaysia
2009-10-24T16:0:0,Malaysia,75.3,93.3,82.1,75.5,81.68,107.8,16.1,,248.79,4.1,2.18,,5,77.3,1008.9,3.1479,101.69405,POINT(101.69405 3.1479),Malaysia
2009-10-25T16:0:0,Malaysia,75.3,93.3,81.6,75.5,82.95,108.1,15,,249.85,1.6,1.45,,4.7,82.9,1008.9,3.1479,101.69405,POINT(101.69405 3.1479),Malaysia
2009-10-26T16:0:0,Malaysia,75.3,93.3,81,75.6,84.71,109.4,11.4,,238.27,1.7,1.45,,5,83.4,1009.1,3.1479,101.69405,POINT(101.69405 3.1479),Malaysia
2009-1-3T16:0:0,Malaysia,73.1,95.1,81.2,74.7,81.81,109,15,,204.1,2.4,1.45,,5.6,90.8,1009.2,3.1479,101.69405,POINT(101.69405 3.1479),Malaysia
2009-1-30T16:0:0,Malaysia,71.7,93.3,81.6,74.2,79.99,105.3,12.8,,190.55,1.6,1.82,,5.3,90.8,1010.8,3.1479,101.69405,POINT(101.69405 3.1479),Malaysia
2009-10-27T16:0:0,Malaysia,73.5,95.1,81.1,75.4,84.15,109,13.9,,235.31,5.3,1.45,,4.9,82.9,1008.9,3.1479,101.69405,POINT(101.69405 3.1479),Malaysia
2009-10-28T16:0:0,Malaysia,72.8,93.3,81.6,75.4,82.64,108.1,12.8,,240.85,4.5,1.09,,5.1,84,1008.7,3.1479,101.69405,POINT(101.69405 3.1479),Malaysia
2009-10-29T16:0:0,Malaysia,73.5,93.3,80.9,75.4,84.53,110.6,12.8,,248.1,4.5,2.55,,5,84.1,1008.6,3.1479,101.69405,POINT(101.69405 3.1479),Malaysia
2009-10-30T16:0:0,Malaysia,73.5,93.3,81,75.6,84.75,111.2,15,,243.37,3.7,1.82,,5.2,84.8,1008.6,3.1479,101.69405,POINT(101.69405 3.1479),Malaysia
2009-10-31T16:0:0,Malaysia,75.3,92.4,81,75.5,84.32,111.2,21.9,,257.22,2.7,1.82,,5.2,85.2,1008.2,3.1479,101.69405,POINT(101.69405 3.1479),Malaysia
2009-11-1T16:0:0,Malaysia,75.3,93.3,81.2,75.4,83.56,107.8,15,,223.61,1.6,1.09,,5.2,84.4,1008.2,3.1479,101.69405,POINT(101.69405 3.1479),Malaysia
2009-11-2T16:0:0,Malaysia,75.3,95.1,81.5,75.5,83.24,107.8,16.1,,204.39,1.2,0.73,,5.1,85.2,1008.6,3.1479,101.69405,POINT(101.69405 3.1479),Malaysia
2009-11-3T16:0:0,Malaysia,75.3,95.1,81.6,75.6,83.28,110.6,13.9,,223.52,3.2,2.18,,5.3,84.3,1009.2,3.1479,101.69405,POINT(101.69405 3.1479),Malaysia
2009-11-4T16:0:0,Malaysia,75.3,95.1,81,75.7,85.03,108.1,13.9,,249.29,3.2,1.45,,5.3,84.9,1009.4,3.1479,101.69405,POINT(101.69405 3.1479),Malaysia
2009-11-5T16:0:0,Malaysia,75.3,93.3,81.3,75.7,84.1,108.1,13.9,,265.61,0.4,0.36,,5.5,83.8,1009.3,3.1479,101.69405,POINT(101.69405 3.1479),Malaysia
2009-1-31T16:0:0,Malaysia,71.7,94.4,82.1,73.7,77.7,108.1,11.4,,187.94,1.4,1.09,,5.7,90.1,1010.4,3.1479,101.69405,POINT(101.69405 3.1479),Malaysia
2009-11-6T16:0:0,Malaysia,73.5,93.3,81.2,75.6,84.2,108.4,17.2,,252.63,1.2,2.18,,5.2,84.8,1009.2,3.1479,101.69405,POINT(101.69405 3.1479),Malaysia
2009-11-7T16:0:0,Malaysia,73.5,93.3,81.2,75.5,84.04,105.4,12.8,,245.71,1.1,1.45,,5.6,85.5,1008.9,3.1479,101.69405,POINT(101.69405 3.1479),Malaysia
2009-11-8T16:0:0,Malaysia,75.3,92.4,81.6,75.8,83.36,111.2,13.9,,242.49,4.5,2.18,,5.4,83.9,1009.2,3.1479,101.69405,POINT(101.69405 3.1479),Malaysia
2009-11-9T16:0:0,Malaysia,73.5,95.1,81.7,75.9,83.69,116.4,12.8,,227.88,0.1,0.73,,5.4,84.1,1008.8,3.1479,101.69405,POINT(101.69405 3.1479),Malaysia
2009-11-10T16:0:0,Malaysia,75.3,93.3,81.3,75.8,84.49,111.2,13.9,,225,1.2,2.18,,5.3,84.5,1008.9,3.1479,101.69405,POINT(101.69405 3.1479),Malaysia
2009-11-11T16:0:0,Malaysia,75.3,95.1,81.5,75.7,83.8,116.4,11.4,,224.65,2.7,1.45,,5.4,83.8,1009.5,3.1479,101.69405,POINT(101.69405 3.1479),Malaysia
2009-11-12T16:0:0,Malaysia,74.9,93.3,81.6,76,84.27,111.5,11.4,,226.42,1,1.45,,5.2,84.1,1009.6,3.1479,101.69405,POINT(101.69405 3.1479),Malaysia
2009-11-13T16:0:0,Malaysia,75.3,93.3,81,76,85.78,110.6,13.9,,218.02,0.6,1.82,,5.2,84.2,1009.8,3.1479,101.69405,POINT(101.69405 3.1479),Malaysia
2009-11-14T16:0:0,Malaysia,73.5,93.3,80.5,75.7,86.26,108.4,13.9,,250.05,3.8,1.82,,5.3,84.6,1009.9,3.1479,101.69405,POINT(101.69405 3.1479),Malaysia
2009-11-15T16:0:0,Malaysia,73.5,93.3,80.6,75.7,86.28,111.2,26.4,,234.69,3.1,1.82,,5.2,84.8,1009.9,3.1479,101.69405,POINT(101.69405 3.1479),Malaysia
2009-2-1T16:0:0,Malaysia,71.7,95.1,82.4,73.4,76.08,107.8,13.9,,205.91,5.1,1.09,,5.8,90.1,1010.2,3.1479,101.69405,POINT(101.69405 3.1479),Malaysia
2009-11-16T16:0:0,Malaysia,73.1,93.3,80.7,75.7,85.56,113.8,12.8,,234.03,1.9,1.09,,5.3,83.7,1009.7,3.1479,101.69405,POINT(101.69405 3.1479),Malaysia
2009-11-17T16:0:0,Malaysia,74.9,95.1,81.1,75.8,85.3,108.1,12.8,,228.21,0.7,1.45,,5.3,83.1,1009.6,3.1479,101.69405,POINT(101.69405 3.1479),Malaysia
2009-11-18T16:0:0,Malaysia,73.5,95.1,81.4,76.2,85.13,116.4,15,,227.32,0.5,1.09,,5.1,87.8,1009.9,3.1479,101.69405,POINT(101.69405 3.1479),Malaysia
2009-11-19T16:0:0,Malaysia,74.6,93.3,81.3,75.9,84.68,111.2,12.8,30,234.06,3.2,2.18,,5.4,83.2,1009.8,3.1479,101.69405,POINT(101.69405 3.1479),Malaysia
2009-11-20T16:0:0,Malaysia,75.3,95.1,81.8,75.8,83.4,108.1,12.8,,243.51,0.3,0.73,,5.4,82.2,1009.2,3.1479,101.69405,POINT(101.69405 3.1479),Malaysia
2009-11-21T16:0:0,Malaysia,75.3,91.5,81.2,76.2,85.36,111.2,11.4,,254.9,1.1,1.09,,5.6,82.5,1008.8,3.1479,101.69405,POINT(101.69405 3.1479),Malaysia
2009-11-22T16:0:0,Malaysia,75.3,91.5,81.3,76.3,85.62,105.4,10.3,,209.84,2.3,1.82,,5.2,83.5,1009,3.1479,101.69405,POINT(101.69405 3.1479),Malaysia
2009-11-23T16:0:0,Malaysia,74,93.3,82,75.9,82.94,110.6,13.9,,213.91,1.3,0.73,,5.5,83.6,1009.2,3.1479,101.69405,POINT(101.69405 3.1479),Malaysia
2009-11-24T16:0:0,Malaysia,75.3,95.1,81.7,76.3,84.64,110.2,13.9,,232.88,0.6,1.82,,5.4,83.5,1009.1,3.1479,101.69405,POINT(101.69405 3.1479),Malaysia
2009-11-25T16:0:0,Malaysia,75.1,94.9,81.7,76.4,85.23,108.4,11.4,,211.9,0.5,1.82,,5.2,83.1,1008.5,3.1479,101.69405,POINT(101.69405 3.1479),Malaysia
2009-2-2T16:0:0,Malaysia,73.5,93.3,81.7,74.1,79.35,108.1,13.9,,232.38,2.8,2.55,,5.5,90.4,1010.6,3.1479,101.69405,POINT(101.69405 3.1479),Malaysia
2009-11-26T16:0:0,Malaysia,73.5,93.3,81.4,76.2,85.35,111.2,13.9,,236.1,2.8,2.18,,5.4,83.7,1008.6,3.1479,101.69405,POINT(101.69405 3.1479),Malaysia
2009-11-27T16:0:0,Malaysia,74.6,93.3,81,76.6,87.32,108.1,13.9,,222.84,2,2.91,,5,87.5,1009,3.1479,101.69405,POINT(101.69405 3.1479),Malaysia
2009-11-28T16:0:0,Malaysia,73.5,93.3,80.4,76,87.46,108.1,12.8,,201,3.4,2.55,,5.3,91.2,1008.9,3.1479,101.69405,POINT(101.69405 3.1479),Malaysia
2009-11-29T16:0:0,Malaysia,74.9,93.3,80.6,76.2,87.22,110.6,15,,254.66,1.9,1.82,,5.5,90.7,1008.5,3.1479,101.69405,POINT(101.69405 3.1479),Malaysia
2009-11-30T16:0:0,Malaysia,74.6,92,80.7,76.4,87.48,105.6,13.9,,230.56,3,1.09,,5.4,90.8,1008.7,3.1479,101.69405,POINT(101.69405 3.1479),Malaysia
2009-12-1T16:0:0,Malaysia,75.3,93.3,80.3,76.2,88.18,108.1,15,,236.26,2.8,2.55,,5.1,91.9,1009.2,3.1479,101.69405,POINT(101.69405 3.1479),Malaysia
2009-12-2T16:0:0,Malaysia,73.5,93.3,81.2,76.2,85.96,108.1,12.8,,229.53,2.1,2.55,,5.5,91,1009.1,3.1479,101.69405,POINT(101.69405 3.1479),Malaysia
2009-12-3T16:0:0,Malaysia,74.6,91.5,81,76.3,86.69,105.4,17.2,,193.2,3.1,2.18,,5.2,91.1,1009.3,3.1479,101.69405,POINT(101.69405 3.1479),Malaysia
2009-12-4T16:0:0,Malaysia,73.5,93.3,81.8,76,83.69,108.1,12.8,,218.71,0.2,1.09,,5.3,90.5,1009,3.1479,101.69405,POINT(101.69405 3.1479),Malaysia
2009-12-5T16:0:0,Malaysia,75.3,95.1,82.3,76.1,82.94,107.8,11.4,,197.02,1.8,1.45,,5.4,90.2,1009.1,3.1479,101.69405,POINT(101.69405 3.1479),Malaysia
2009-2-3T16:0:0,Malaysia,71.7,95.1,81.6,73.9,79.36,106.8,12.8,,221.2,1.4,1.82,,5.6,90.5,1010.6,3.1479,101.69405,POINT(101.69405 3.1479),Malaysia
2009-12-6T16:0:0,Malaysia,75.3,93.3,82.1,76,83.28,110.6,13.9,,239.33,1,1.09,,5.5,90.3,1009.2,3.1479,101.69405,POINT(101.69405 3.1479),Malaysia
2009-12-7T16:0:0,Malaysia,73.5,93.3,81.4,76.1,85.04,114.7,18.3,,204.23,2.9,2.18,,5.4,90.5,1009.3,3.1479,101.69405,POINT(101.69405 3.1479),Malaysia
2009-12-8T16:0:0,Malaysia,73.5,93.3,81.1,75.8,85.03,110.6,15,,211.63,2.4,1.09,,5.3,90.3,1009.6,3.1479,101.69405,POINT(101.69405 3.1479),Malaysia
2009-12-9T16:0:0,Malaysia,75.3,95.1,81.4,75.9,84.35,113.8,12.8,,231.34,0,0,,5.3,90.3,1009,3.1479,101.69405,POINT(101.69405 3.1479),Malaysia
2009-12-10T16:0:0,Malaysia,75.3,91.5,80.6,75.6,85.39,105.4,16.1,,220.79,0.7,0.73,,5.7,90.7,1009.2,3.1479,101.69405,POINT(101.69405 3.1479),Malaysia
2009-12-11T16:0:0,Malaysia,71.7,92.4,81.1,75.5,84.19,108.4,12.8,,239.14,0.2,0.73,,5.6,90.6,1008.8,3.1479,101.69405,POINT(101.69405 3.1479),Malaysia
2009-12-12T16:0:0,Malaysia,74.6,93.3,81.5,75.9,84.07,111.2,13.9,,230.78,1.8,1.09,,5.4,90.7,1009.4,3.1479,101.69405,POINT(101.69405 3.1479),Malaysia
2009-12-13T16:0:0,Malaysia,73.5,92,81.4,75.9,84.43,108.1,12.8,,246.34,2.5,1.09,,5.2,90.2,1009.7,3.1479,101.69405,POINT(101.69405 3.1479),Malaysia
2009-12-14T16:0:0,Malaysia,75.3,93.5,81.7,76,83.79,110.6,13.9,,238.97,0.9,0.73,,5.3,90.1,1009.5,3.1479,101.69405,POINT(101.69405 3.1479),Malaysia
2009-12-15T16:0:0,Malaysia,74.9,93.3,81.2,75.7,84.22,105.4,13.9,,238.91,2,2.55,,5.2,90.7,1009.6,3.1479,101.69405,POINT(101.69405 3.1479),Malaysia
2009-2-4T16:0:0,Malaysia,71.7,93.8,81.9,74.3,79.29,110.6,11.4,,233.32,0.7,0.73,,5.5,90.4,1010.8,3.1479,101.69405,POINT(101.69405 3.1479),Malaysia
2009-12-16T16:0:0,Malaysia,74.6,91.5,80.7,75.5,85.21,108,12.8,,220.23,1.5,2.18,,5.3,90.8,1009.6,3.1479,101.69405,POINT(101.69405 3.1479),Malaysia
2009-12-17T16:0:0,Malaysia,74.6,93.3,81.8,75.5,82.32,110.6,15,,261.1,1.6,1.82,,5.2,90.2,1010.1,3.1479,101.69405,POINT(101.69405 3.1479),Malaysia
2009-12-18T16:0:0,Malaysia,75.3,91.5,81,75.5,84.24,105.4,12.8,,239.26,2.7,2.18,,5.3,90.7,1010.2,3.1479,101.69405,POINT(101.69405 3.1479),Malaysia
2009-12-19T16:0:0,Malaysia,74.9,93.3,80.1,75.5,86.56,105.3,15,,234.16,3.1,1.82,,5,90.7,1009.9,3.1479,101.69405,POINT(101.69405 3.1479),Malaysia
2009-12-20T16:0:0,Malaysia,73.5,93.3,81.2,75.4,83.78,110.6,13.9,,245.67,4.6,0.73,,5.1,90.5,1009.2,3.1479,101.69405,POINT(101.69405 3.1479),Malaysia
2009-12-21T16:0:0,Malaysia,73.5,93.3,80.9,75.5,84.68,107.8,15,,224.8,1.3,1.82,,5.3,90.7,1008.5,3.1479,101.69405,POINT(101.69405 3.1479),Malaysia
2009-12-22T16:0:0,Malaysia,74.9,91.5,80.9,75.7,85.13,105.4,20.8,,242.59,2.3,2.55,,5.3,91.5,1008.4,3.1479,101.69405,POINT(101.69405 3.1479),Malaysia
2009-12-23T16:0:0,Malaysia,75.3,93.3,81,76,85.54,105.3,12.8,,232.42,0.6,1.82,,5.4,91.3,1008.7,3.1479,101.69405,POINT(101.69405 3.1479),Malaysia
2009-12-24T16:0:0,Malaysia,75.3,93.3,81.2,75.6,83.94,105.5,15,,194.97,0,0.36,,5.3,90.6,1008.8,3.1479,101.69405,POINT(101.69405 3.1479),Malaysia
2009-12-25T16:0:0,Malaysia,74.6,93.5,81.3,75.1,82.8,105.3,16.1,,213.01,2.4,0.36,,5.4,91,1008.7,3.1479,101.69405,POINT(101.69405 3.1479),Malaysia
2009-2-5T16:0:0,Malaysia,74.6,93.3,81.9,74.4,79.32,108.7,12.8,,209.6,1.6,0.73,,5.8,90.2,1010.5,3.1479,101.69405,POINT(101.69405 3.1479),Malaysia
2009-12-26T16:0:0,Malaysia,73.5,95.1,80.8,74.8,83.4,111.2,11.4,,224.22,0.3,0.36,,5.4,90.6,1009,3.1479,101.69405,POINT(101.69405 3.1479),Malaysia
2009-12-27T16:0:0,Malaysia,75.3,93.3,81.1,75.5,84.2,105.4,11.4,,230.66,3.8,1.09,,5.3,90.3,1009,3.1479,101.69405,POINT(101.69405 3.1479),Malaysia
2009-12-28T16:0:0,Malaysia,73.5,92.6,81.2,75,82.57,105.3,11.4,,210.22,0.2,0.36,,5.3,91,1008.9,3.1479,101.69405,POINT(101.69405 3.1479),Malaysia
2009-12-29T16:0:0,Malaysia,73.5,93.3,81.4,74.8,81.82,108.1,12.8,,212.38,0.2,1.45,,5.4,90.3,1009,3.1479,101.69405,POINT(101.69405 3.1479),Malaysia
2009-12-30T16:0:0,Malaysia,74.9,92,81.8,74.8,80.64,108.1,17.2,,210.58,2,1.08,,5.3,90.5,1008.8,3.1479,101.69405,POINT(101.69405 3.1479),Malaysia
2009-2-6T16:0:0,Malaysia,71.7,93.3,82.2,74.3,78.46,110.6,11.4,,214.07,1.7,1.82,,5.8,90,1009.8,3.1479,101.69405,POINT(101.69405 3.1479),Malaysia
2009-2-7T16:0:0,Malaysia,74.4,95.1,82.7,74.1,76.92,110.9,11.4,,224.04,3,1.09,,5.5,90.3,1009.4,3.1479,101.69405,POINT(101.69405 3.1479),Malaysia
2009-2-8T16:0:0,Malaysia,73.5,95.1,83.1,74.2,76.12,111.2,12.8,,230.55,1.4,0.36,,5.5,90,1009.1,3.1479,101.69405,POINT(101.69405 3.1479),Malaysia
2009-1-4T16:0:0,Malaysia,73.5,95.1,81.7,74.8,80.88,108.1,11.4,,189.05,0.4,0.73,,5.7,90.5,1008.9,3.1479,101.69405,POINT(101.69405 3.1479),Malaysia
2009-2-9T16:0:0,Malaysia,75.3,96.9,83.3,74,75.19,111.8,12.8,,199.81,0.3,0.36,,5.6,90,1009.2,3.1479,101.69405,POINT(101.69405 3.1479),Malaysia
2009-2-10T16:0:0,Malaysia,75.3,95.1,83.4,73.9,74.92,107.8,12.8,,213.54,1.1,1.45,,5.5,90,1009.4,3.1479,101.69405,POINT(101.69405 3.1479),Malaysia
2009-2-11T16:0:0,Malaysia,73.5,96.9,83.2,73.4,74.23,108.1,12.8,,206.4,1.1,0.73,,5.6,90.2,1009.5,3.1479,101.69405,POINT(101.69405 3.1479),Malaysia
2009-2-12T16:0:0,Malaysia,73.5,95.1,83,74.1,76.11,112.8,15,,206.84,0.8,1.45,,5.7,90.2,1009.2,3.1479,101.69405,POINT(101.69405 3.1479),Malaysia
2009-2-13T16:0:0,Malaysia,75.3,95.1,82.6,74.3,77.85,110.6,15,,204.34,0.6,1.45,,5.7,90.1,1009.1,3.1479,101.69405,POINT(101.69405 3.1479),Malaysia
2009-2-14T16:0:0,Malaysia,74.6,95.1,82.8,74.3,77.16,107.8,12.8,,219.23,0.5,0.73,,5.6,90,1009.3,3.1479,101.69405,POINT(101.69405 3.1479),Malaysia
2009-2-15T16:0:0,Malaysia,75.3,95.1,83,74,76.06,108.1,18.3,,208.6,1.6,1.09,,5.8,90.2,1009.6,3.1479,101.69405,POINT(101.69405 3.1479),Malaysia
2009-2-16T16:0:0,Malaysia,75.3,95.1,82.5,74.4,78.23,110.2,13.9,,204.17,5,2.55,,5.5,90.4,1009.5,3.1479,101.69405,POINT(101.69405 3.1479),Malaysia
2009-2-17T16:0:0,Malaysia,73.5,95.1,81.9,75,81.08,108.4,15,,212.56,3.2,2.55,,5.1,90.4,1009.3,3.1479,101.69405,POINT(101.69405 3.1479),Malaysia
2009-2-18T16:0:0,Malaysia,73.5,95.1,81.9,74.7,80.44,113.1,13.9,,212.66,0.6,1.45,,5.3,90.8,1009.8,3.1479,101.69405,POINT(101.69405 3.1479),Malaysia
2009-1-5T16:0:0,Malaysia,73.5,95.6,82,75.1,80.96,110.2,12.8,,196.72,0.5,1.45,,5.6,90.3,1009.6,3.1479,101.69405,POINT(101.69405 3.1479),Malaysia
2009-2-19T16:0:0,Malaysia,73.5,94.4,82.6,74.9,79.04,108.1,12.8,,207.35,0.3,1.45,,5.4,90.1,1010.1,3.1479,101.69405,POINT(101.69405 3.1479),Malaysia
2009-2-20T16:0:0,Malaysia,73.5,96.9,82.8,74.3,77.48,110,15,,195.94,2,1.45,,5.5,90.4,1009.6,3.1479,101.69405,POINT(101.69405 3.1479),Malaysia
2009-2-21T16:0:0,Malaysia,71.7,95.1,83,74.8,78.05,110.6,16.1,,207.16,0.1,0.36,,5.4,90.1,1009,3.1479,101.69405,POINT(101.69405 3.1479),Malaysia
2009-2-22T16:0:0,Malaysia,73.5,95.1,82.8,74.9,78.85,116.4,13.9,,207.21,2.5,2.18,,5.6,90.1,1008.7,3.1479,101.69405,POINT(101.69405 3.1479),Malaysia
2009-2-23T16:0:0,Malaysia,74.9,95.1,82.3,74.9,80.23,111.8,17.2,,193.86,6.1,2.18,,5.4,90.6,1008.7,3.1479,101.69405,POINT(101.69405 3.1479),Malaysia
2009-2-24T16:0:0,Malaysia,74,95.1,82.7,74.8,79.05,110.6,11.4,,206.17,1.5,1.45,,5.5,90,1008.4,3.1479,101.69405,POINT(101.69405 3.1479),Malaysia
2009-2-25T16:0:0,Malaysia,75.3,95.1,82.5,74.4,78.41,107.8,12.8,,181.45,4.3,2.18,,5.3,90.2,1008.4,3.1479,101.69405,POINT(101.69405 3.1479),Malaysia
2009-2-26T16:0:0,Malaysia,74.9,95.1,82.8,75.1,79.07,108.1,10.3,,196.7,2.1,1.82,,5.4,90.1,1008.8,3.1479,101.69405,POINT(101.69405 3.1479),Malaysia
2009-2-27T16:0:0,Malaysia,75.3,95.1,83,75.5,79.63,110.6,13.9,,206.06,0.5,1.45,,5.4,90.1,1008.3,3.1479,101.69405,POINT(101.69405 3.1479),Malaysia
2009-2-28T16:0:0,Malaysia,71.7,95.1,82.9,75.7,80.13,113.1,12.8,,193.89,1.8,1.09,,5.3,90,1008.9,3.1479,101.69405,POINT(101.69405 3.1479),Malaysia
2009-1-6T16:0:0,Malaysia,73.5,95.1,82.4,74.6,78.92,107.7,13.9,,219.46,1.1,0.73,,5.7,90.2,1010.3,3.1479,101.69405,POINT(101.69405 3.1479),Malaysia
2009-3-1T16:0:0,Malaysia,73.5,95.1,83.3,75.8,79.46,116.4,11.4,,209.53,2.7,1.09,,5.3,90.3,1008.9,3.1479,101.69405,POINT(101.69405 3.1479),Malaysia
2009-3-2T16:0:0,Malaysia,74.9,96.9,82.8,75.3,79.6,116.4,16.1,,200.05,4.4,1.82,,5.4,87.5,1009.1,3.1479,101.69405,POINT(101.69405 3.1479),Malaysia
2009-3-3T16:0:0,Malaysia,74.9,96.9,83.3,75.6,79,116.4,13.9,,240.73,0,0.36,,5.6,87.1,1009.2,3.1479,101.69405,POINT(101.69405 3.1479),Malaysia
2009-3-4T16:0:0,Malaysia,75.3,100.5,82.7,76,81.55,110.2,15,,232.81,0.2,1.09,,5.3,90.2,1009.3,3.1479,101.69405,POINT(101.69405 3.1479),Malaysia
2009-3-5T16:0:0,Malaysia,75.3,96.9,83.2,75.5,79.11,111.2,12.8,,208.23,0.2,1.45,,5.3,90,1009.5,3.1479,101.69405,POINT(101.69405 3.1479),Malaysia
2009-3-6T16:0:0,Malaysia,75.3,96.9,83.3,75.7,79.32,115.6,17.2,,204.67,0.1,1.09,,5.4,90.4,1009.4,3.1479,101.69405,POINT(101.69405 3.1479),Malaysia
2009-3-7T16:0:0,Malaysia,73.5,95.1,82.6,75.1,79.63,110.2,18.3,,242.98,3.1,2.91,,5.4,90.5,1009.4,3.1479,101.69405,POINT(101.69405 3.1479),Malaysia
2009-3-8T16:0:0,Malaysia,73.5,96.9,82.7,75,79.37,115.6,12.8,,228.39,1.1,1.45,,5.3,90.1,1010.1,3.1479,101.69405,POINT(101.69405 3.1479),Malaysia
2009-3-9T16:0:0,Malaysia,73.5,95.1,82.7,74.9,78.83,113.1,23,,213.4,0.5,0.73,,5.2,90,1010,3.1479,101.69405,POINT(101.69405 3.1479),Malaysia
2009-3-10T16:0:0,Malaysia,73.5,96.9,82.5,74.4,78.86,111.2,11.4,,193.55,0.5,1.82,,5.3,90.4,1010.5,3.1479,101.69405,POINT(101.69405 3.1479),Malaysia
2009-1-7T16:0:0,Malaysia,73.5,93.3,82,74.9,80.38,111.2,13.9,,231,2.3,1.45,,5.7,90.5,1010.7,3.1479,101.69405,POINT(101.69405 3.1479),Malaysia
2009-3-11T16:0:0,Malaysia,73.5,95.1,82.6,74.9,79.47,111.2,11.4,,223.48,3.3,2.18,,5.1,90.3,1010.7,3.1479,101.69405,POINT(101.69405 3.1479),Malaysia
2009-3-12T16:0:0,Malaysia,75.3,95.1,82.4,75.2,80.48,108.5,12.8,,224.84,1.8,1.82,,4.7,83.4,1010.9,3.1479,101.69405,POINT(101.69405 3.1479),Malaysia
2009-3-13T16:0:0,Malaysia,74.9,96.9,82.6,75.3,80.35,111.2,17.2,,214.35,2.5,2.18,,5,82,1010.4,3.1479,101.69405,POINT(101.69405 3.1479),Malaysia
2009-3-14T16:0:0,Malaysia,73.5,96.9,83.1,75.2,78.94,110.6,15,,224.98,1.3,1.82,,5.1,89.8,1010.1,3.1479,101.69405,POINT(101.69405 3.1479),Malaysia
2009-3-15T16:0:0,Malaysia,75.3,98.7,82.9,75.6,80.11,110.6,13.9,,211.73,0.4,0.36,,5.5,88.6,1010,3.1479,101.69405,POINT(101.69405 3.1479),Malaysia
2009-3-16T16:0:0,Malaysia,74.9,96.9,82.9,75.4,79.67,124.6,12.8,,224.72,1.3,1.45,,5.4,90.4,1009.9,3.1479,101.69405,POINT(101.69405 3.1479),Malaysia
2009-3-17T16:0:0,Malaysia,72.8,96.9,82.9,75.4,79.76,113.8,12.8,,210,0.9,1.09,,5.1,90.4,1009.6,3.1479,101.69405,POINT(101.69405 3.1479),Malaysia
2009-3-18T16:0:0,Malaysia,73.5,96.9,83.2,76,80.31,116.4,11.4,,236.82,0.3,1.82,,5.2,90.2,1009.4,3.1479,101.69405,POINT(101.69405 3.1479),Malaysia
2009-3-19T16:0:0,Malaysia,75.3,95.1,82.7,76.3,82.19,110.6,13.9,,227.89,2.3,1.09,,5,90.8,1009.4,3.1479,101.69405,POINT(101.69405 3.1479),Malaysia
2009-3-20T16:0:0,Malaysia,75.3,95.1,82.8,76,81.21,111.2,17.2,,250.57,4,1.82,,5.1,90,1009.2,3.1479,101.69405,POINT(101.69405 3.1479),Malaysia
2009-1-8T16:0:0,Malaysia,73.5,95.1,81.4,74.4,80.65,105.4,13.9,,230.04,0.7,1.09,,5.6,90.7,1010.5,3.1479,101.69405,POINT(101.69405 3.1479),Malaysia
2009-3-21T16:0:0,Malaysia,75.3,95.1,83,76.1,81.17,113.1,18.3,,227.99,4.5,2.18,,5.4,90.7,1009.2,3.1479,101.69405,POINT(101.69405 3.1479),Malaysia
2009-3-22T16:0:0,Malaysia,73.5,96.9,83.5,75.7,78.79,116.4,13.9,,212.82,1,0.73,,5.6,90.1,1009.2,3.1479,101.69405,POINT(101.69405 3.1479),Malaysia
2009-3-23T16:0:0,Malaysia,73.5,96.9,83.3,75.9,79.74,113.1,11.4,,218.66,2.5,1.82,,5.5,90,1009.4,3.1479,101.69405,POINT(101.69405 3.1479),Malaysia
2009-3-24T16:0:0,Malaysia,75.3,96.9,83.8,75.6,78.07,120.1,12.8,,212.54,1.9,0.73,,5.4,89.1,1009.3,3.1479,101.69405,POINT(101.69405 3.1479),Malaysia
2009-3-25T16:0:0,Malaysia,73.5,96.9,83.4,75.7,79.39,116.4,13.9,,190.14,3,1.82,,5.8,90.1,1009.7,3.1479,101.69405,POINT(101.69405 3.1479),Malaysia
2009-3-26T16:0:0,Malaysia,73.5,96.9,83.4,75.6,79.02,110.6,19.5,,211.76,0.7,0.73,,5.6,90.5,1010.1,3.1479,101.69405,POINT(101.69405 3.1479),Malaysia
2009-3-27T16:0:0,Malaysia,73.5,95.1,83,75.7,79.96,114.7,12.8,,186.54,1.6,2.18,,5.5,90.5,1010,3.1479,101.69405,POINT(101.69405 3.1479),Malaysia
2009-3-28T16:0:0,Malaysia,74.9,96.9,83,75.7,80.12,111.2,12.8,,224.6,0,0.73,,5.5,90.2,1009.7,3.1479,101.69405,POINT(101.69405 3.1479),Malaysia
2009-3-29T16:0:0,Malaysia,73.5,96.9,83.2,75.5,79.36,114.7,12.8,,211.06,1.4,2.55,,5.5,90.3,1009.4,3.1479,101.69405,POINT(101.69405 3.1479),Malaysia
2009-3-30T16:0:0,Malaysia,75.3,96.9,82.8,76.1,81.43,117.5,18.3,,224.33,3.9,1.45,,5.3,90.7,1009.6,3.1479,101.69405,POINT(101.69405 3.1479),Malaysia
2009-1-9T16:0:0,Malaysia,73.5,95.1,81.5,74.6,80.93,110.6,10.3,,240.14,0.5,1.45,,5.6,90.8,1010.3,3.1479,101.69405,POINT(101.69405 3.1479),Malaysia
2009-3-31T16:0:0,Malaysia,75.3,95.1,83,76.2,81.22,113.8,13.9,,236.71,1.1,1.09,,5.4,90.4,1009.2,3.1479,101.69405,POINT(101.69405 3.1479),Malaysia
2009-4-1T16:0:0,Malaysia,75.3,96.9,83.1,76.6,81.85,110.6,13.9,,220.15,3.7,2.18,,5.4,90.6,1009.4,3.1479,101.69405,POINT(101.69405 3.1479),Malaysia
2009-4-2T16:0:0,Malaysia,75.3,96.9,82.9,76.2,82.01,111,15,,211.38,0.8,1.45,,5.3,90.7,1009.7,3.1479,101.69405,POINT(101.69405 3.1479),Malaysia
2009-4-3T16:0:0,Malaysia,75.3,96.9,83.5,76.3,80.32,113.8,15,,251.1,1.6,1.09,,5.3,90.3,1010,3.1479,101.69405,POINT(101.69405 3.1479),Malaysia
2009-4-4T16:0:0,Malaysia,75.3,95.1,83.2,76.1,80.31,116.4,16.1,,228.55,1.4,1.82,,5.7,90.5,1009.5,3.1479,101.69405,POINT(101.69405 3.1479),Malaysia
2009-4-5T16:0:0,Malaysia,75.3,96,82.5,76.2,82.24,116.4,13.9,,243.46,1,1.09,,5.7,90.4,1009.4,3.1479,101.69405,POINT(101.69405 3.1479),Malaysia
2009-4-6T16:0:0,Malaysia,75.3,96.9,83.3,76.5,81.39,116.4,15,,228.67,2.7,2.18,,5.4,90.2,1009.1,3.1479,101.69405,POINT(101.69405 3.1479),Malaysia
2009-4-7T16:0:0,Malaysia,75.3,96.9,83.7,76.2,79.64,113.8,13.9,,211.32,1,1.45,,5.6,90.1,1009.1,3.1479,101.69405,POINT(101.69405 3.1479),Malaysia
2009-4-8T16:0:0,Malaysia,77.1,96.9,83.8,76.3,79.73,116.4,16.1,,205.57,2.9,1.09,,5.3,90.5,1009.3,3.1479,101.69405,POINT(101.69405 3.1479),Malaysia
2009-4-9T16:0:0,Malaysia,73.5,95.1,83,76.2,81.46,113.1,15,,212.27,6.1,2.91,,5.3,90.7,1009.6,3.1479,101.69405,POINT(101.69405 3.1479),Malaysia
